id,name,email,phone,visa,ssn,user_id
,Allen Wilson,flowerssheri@barnes.info,001-157-589-0468x2202,3562723856603122,250-70-5686,user_54550
1.0,Brandy Jennings,ann69@solis.net,683.414.0625x047,60419741511,551-68-8022,user_32729
2.0,Lucas Harper,susanmarshall@hotmail.com,(892)926-6755x1817,3533064730088230,337-11-6552,user_69516
3.0,Christopher Smith,yarnold@nguyen.net,338.527.5842x1663,180011764522800,122-12-7923,user_51896
4.0,Jennifer Parsons,james67@curtis-roman.com,+1-144-506-3540x210,588069465288,645-23-0299,user_65943
5.0,Carrie Diaz,tracey50@morales.info,+1-560-763-9514x19506,371258165820221,302-53-5418,user_00254
6.0,Brett Myers,michaelkidd@le.com,(073)016-6883,30050393821904,304-36-7444,user_99695
7.0,Holly Flores,mking@hotmail.com,442-758-4816x1877,38657716776755,863-96-1569,user_31081
8.0,Arthur Day,danielle39@hotmail.com,+1-301-265-5888x93561,180081872324746,622-60-4145,user_94216
9.0,Carolyn White,caitlinfritz@yahoo.com,+1-139-002-8733x2383,4455796705780,695-12-9800,user_52558
10.0,Ashley Harrison,deanna10@navarro.org,6092874326,38050391616167,822-04-1339,user_56238
11.0,Brandon Ballard,claytonking@yahoo.com,242-313-8971,30576986941139,573-46-6131,user_39485
12.0,Aaron Edwards,jonesbenjamin@yahoo.com,268-976-9609,3541969691173955,657-60-0501,user_17039
13.0,Garrett Calderon,tracykoch@johnson.com,001-972-802-2804x561,576125065614,587-30-2867,user_84122
14.0,Gene House,nicholesweeney@hotmail.com,(294)114-7589x9878,4666911663527294,173-29-7668,user_64845
15.0,Shannon Johnson DVM,nathangraham@robinson-hernandez.com,320.358.4809,3512662225129727,721-06-7433,user_15608
16.0,Brandy Jennings,kayla01@jimenez.com,+1-712-514-0110,30297373614078,024-40-0096,user_19571
17.0,Jason Mccarthy,ingrameric@gmail.com,+1-426-241-8230,676347977743,287-52-5890,user_29084
18.0,Melissa Woodard,hamiltonchristopher@matthews-bell.info,(319)041-5831x43533,343400382435707,224-52-4449,user_11640
19.0,Lauren Moran,jenningstonya@yahoo.com,835.910.1044x778,6513523472450566,039-65-7038,user_72303
20.0,Robin Morgan,rachelbuchanan@gmail.com,(623)651-9844x04344,6597379831807858,728-15-1488,user_12825
21.0,Preston Collins,gonzaleztammy@gmail.com,001-335-488-4507,4913065932089,189-70-5187,user_23696
22.0,Jaime Castillo,lisa99@warren-olsen.com,001-918-692-6478x3678,3590231473869833,733-11-2003,user_02323
23.0,William Ray,catherine16@williams.info,970-437-4553x33440,3559841733556464,065-85-8652,user_05576
24.0,Jessica Yu,ienglish@cox-perez.com,007-257-8887x428,180013295850148,457-42-2954,user_96037
25.0,Sara Mitchell,erica81@marquez.org,233-688-5155x835,4787688803736092,066-42-9500,user_69928
26.0,Ryan Bowers,qmartin@yahoo.com,(487)732-1636,3574624549930516,258-56-4968,user_23720
27.0,Catherine Green,stacycochran@hotmail.com,141-356-8958,4008392560610,354-95-6935,user_75927
28.0,Sarah Jones MD,zacharysolomon@alexander.info,2353065273,4244288922909,817-14-1473,user_80030
29.0,Larry Morris,carrollamanda@gmail.com,+1-866-880-7925,3577586199554184,079-69-2291,user_90246
30.0,Sarah Wood,lbenson@hotmail.com,576-357-6121x6373,6589307048101344,184-81-7726,user_44739
31.0,Timothy Cole,aaron43@woodward.info,7235451821,676353819417,896-96-3076,user_70684
32.0,Darrell Cantrell,vjones@yahoo.com,914.028.1551,4780554715669051,376-58-5625,user_93502
33.0,Robert Freeman,rodriguezpamela@lee.com,925.750.7652,4742637656987,760-64-4169,user_31632
34.0,Corey Cohen,princeregina@hotmail.com,3900114050,180046511034386,236-87-2229,user_87688
35.0,James Preston,garciakathryn@silva.net,(051)767-1461x784,4570511598167425,025-30-7923,user_41685
36.0,Steven Mcmillan,lcarter@yahoo.com,170.256.2665,6011720830375595,192-51-7163,user_40992
37.0,Joy Dunn,aflores@bentley.biz,(535)661-9276x8638,4359334713576159447,560-53-9300,user_92164
38.0,David Davis,daniel24@yahoo.com,261-612-6901x6270,580798675006,279-18-6054,user_29170
39.0,Matthew Hamilton,nancy48@arias.biz,+1-319-797-6077x256,676188371428,734-72-6766,user_07395
40.0,Stephanie Luna,kcox@miller.com,9031485241,6011296526616519,531-42-7292,user_53939
41.0,Katrina Mccormick,christopher28@gmail.com,5535808730,501852519450,698-03-1015,user_38816
42.0,Brianna Duncan,scottjulie@hotmail.com,+1-849-225-7674x8944,2700630006584075,060-36-2756,user_18500
43.0,Jennifer Manning,howardcynthia@hotmail.com,(342)812-6717x3178,60481755035,655-83-3366,user_69660
44.0,William Barnett,gallaghercharles@yahoo.com,047.109.4313x256,4693059442900627,261-33-8574,user_93143
45.0,Michael Sullivan,jarmstrong@thomas.com,3061484043,3556545228171225,126-03-1025,user_40791
46.0,Michael Vargas,bjones@hotmail.com,+1-109-891-0363,576924665523,029-93-0788,user_01795
47.0,Amber Shah,clarkcrystal@yahoo.com,4874039730,4562382865700455222,585-43-2221,user_73462
48.0,Stephanie Anderson,norma68@yahoo.com,225-210-5271x1528,30145668491456,149-46-3503,user_81593
49.0,Tammy Burgess,johnmorales@gmail.com,015.490.9582x929,2221277724111334,698-89-8881,user_39351
50.0,Ryan Gonzalez IV,melissa25@bush.com,653-073-9629,5541545265209519,415-53-3624,user_21640
51.0,Brittany May,dhumphrey@patterson.com,397.929.8537x75380,578769020798,547-10-6888,user_51367
52.0,Kristopher Lewis,nicoleliu@yahoo.com,937-417-3324,180021547243053,757-10-7184,user_42622
53.0,Shelby Carter,jason21@hotmail.com,(139)448-5820x857,565729093072,183-52-4450,user_66331
54.0,Kenneth Ochoa,emmawright@gmail.com,+1-709-474-1132x23433,3505228010110956,092-40-4478,user_03518
55.0,Nicholas Stephens,mosesdonna@gmail.com,884.922.2420,3513174980368119,057-48-2194,user_93218
56.0,Laura Cunningham,mcmahonadam@torres.net,748.863.4603,4425955928421472,360-45-7372,user_68228
57.0,Jasmine Robertson,malexander@gmail.com,520-535-0303x5842,4673809057372940,328-39-0059,user_39779
58.0,Scott Hunt,wblair@avila.com,694-958-1876x969,30111523492832,147-97-0563,user_03439
59.0,Travis Fernandez,stephen88@ramos-smith.com,(045)577-1823x0688,3514555264799871,520-30-5639,user_79635
60.0,Kristina Branch,corey22@yahoo.com,001-637-873-0825x8782,583548431803,186-67-9869,user_58062
61.0,Stephanie Watson,mryan@hotmail.com,134-720-4994x2102,2714369902067117,562-28-3047,user_70561
62.0,Bryan Richards,yalvarado@roach-stark.info,981-514-7182x277,180086265362229,455-94-7183,user_03557
63.0,Jenna Washington,reedglenn@hotmail.com,190-917-8219x726,3565459355058545,053-60-7397,user_15511
64.0,Jessica Smith DVM,jwilliams@gmail.com,001-577-392-1813x06317,630492744705,408-67-3682,user_77849
65.0,Cassandra Nelson,cynthia61@weber.com,+1-847-547-0752x12533,30005207809032,110-35-5105,user_55663
66.0,99384d696adb4028656778e8f2d035a7f7352c1d4ab2040fff2cfb60bf3f846f,carl93@cruz.com,+1-410-781-2687,30164718623935,366-24-9053,user_37450
67.0,Katherine Robinson,xaguilar@miller.com,001-341-558-7506x57909,2227774159263105,700-82-8587,user_60516
68.0,Kristopher Hernandez,tinachan@hotmail.com,+1-103-906-2796x4405,344233899409793,114-21-1149,user_16973
69.0,Jacqueline Jimenez,boltonomar@harvey.com,404.545.5700x46666,568519190983,350-25-8362,user_31562
70.0,Chris Powers,michaelagutierrez@gmail.com,155-205-9156,30434196192327,055-22-8951,user_87120
71.0,Michael Strong,yhernandez@hotmail.com,554.171.0132x361,348994030410596,591-67-3598,user_42723
72.0,Allison Smith,danielgomez@flores-dunn.net,+1-926-252-0096,213187622861159,224-39-6557,user_29557
73.0,David Patterson,fieldstravis@hardin-hill.com,972.573.1189,581902752343,529-75-3027,user_56831
74.0,Stephanie Scott,garrettnelson@hotmail.com,958-471-9197,2714928624662610,843-35-4267,user_75666
75.0,Kerry Osborn,emily06@gmail.com,+1-320-738-1551x7575,4858701047919,297-50-6661,user_75592
76.0,Christina Ramirez,kristawilson@wallace.org,001-554-567-8478x6101,30107329271503,572-95-4551,user_98561
77.0,Carlos Schwartz,nancy28@yahoo.com,001-666-346-8918,4821582059668,475-97-8932,user_71150
78.0,Shannon Butler,john27@hotmail.com,(158)140-9503x5362,3524030702529080,020-11-4288,user_40757
79.0,Andrea Hickman,melissa55@kelly.com,894.679.9998x000,30564365748226,006-82-2917,user_93684
80.0,Lance Johnson,susanberry@gmail.com,252.964.7716x949,503822100692,606-66-6606,user_55259
81.0,Ryan Cain,psmith@horton-harris.info,794.455.6142,60407640329,486-58-1420,user_02817
82.0,Randy Brooks,zlittle@hotmail.com,(706)738-0625,585882222813,276-25-4404,user_32515
83.0,Heidi Burnett,thomas64@hotmail.com,012.798.9054,4148515949838223,245-16-7797,user_34877
84.0,Joanne Wallace,davenportemily@yahoo.com,348-852-0267x7447,565865716866,069-60-6724,user_23678
85.0,Clayton Knight,monicawalters@gmail.com,001-197-376-3609,60459248781,509-72-7039,user_77042
86.0,Bradley Buck,qmarshall@skinner.org,097.249.6039x1072,3503671270461332,842-67-8660,user_64513
87.0,Jenny Phillips,martha39@gmail.com,293.900.3300,6524023188324384,167-54-8788,user_28924
88.0,Jennifer Olson,ariasanthony@rodriguez.com,(534)161-0600x22160,4806332105333,449-01-8428,user_23419
89.0,Jackie Duke,linda95@sanchez.org,(867)206-3377,4799682535227,677-30-6651,user_70321
90.0,Amanda Mcdonald,john73@jordan-wilson.com,6556267881,580649926293,501-75-4850,user_26931
91.0,Bryan Jones,hurstchristy@clay.com,(609)794-0306,581928747673,806-69-4763,user_83543
92.0,Lisa Reynolds,jamespope@best.info,001-022-069-8712x79871,36491536012866,053-59-3503,user_78075
93.0,Samuel Brown,hcoleman@hotmail.com,001-998-206-2648x378,569606646606,441-67-9511,user_44337
94.0,Terry Payne,james18@valenzuela.com,0866265262,343786346551955,377-98-2160,user_30929
95.0,Austin Kirk,hannah47@glover.com,377-758-1299x152,4365025145961866,361-70-4661,user_04897
96.0,Joe Larson,william89@holmes.com,269.251.5963x031,213189190359079,883-26-0983,user_39315
97.0,Rachel Hurley Best,diazryan@macias-harvey.com,8268591812,30112398151834,692-55-9060,user_59582
98.0,Julie Smith,riverajennifer@gmail.com,001-887-058-8946x82620,4684765125897368988,156-10-7776,user_96915
98.0,Timothy Flores,aparks@gmail.com,001-887-058-8946x82620,4684765125897368988,156-10-7776,user_96915
